id,name,title,price_night,rating,reviews,lat,lon
22166982,Chambre double au paradis !,Hébergement · Puerto Villamil,16.0,4.56,160,-0.953,-90.9673
979204724829796133,"Appartement privé à Galapagos, Santa Cruz",Chambre · Puerto Ayora,21.0,4.96,49,-0.7371,-90.3141
1408025049562196389,Séjour confortable sur une île avec balcon et vue · Galápagos ·,Appartement ⋅ Puerto Ayora,65.0,4.94,36,-0.7392,-90.3107
1272651730508265418,Villa Náutica,Hébergement ⋅ Puerto Ayora,201.0,5.0,25,-0.7361,-90.3111
1098134088737119696,Chambre dans la maison de Lara,Chambre · Puerto Ayora,20.0,4.82,39,-0.74249,-90.3156
33366981,"Hostal Jeniffer, île Isabela-Galápagos. Chambre # 8",Chambre d'hôtel ⋅ Puerto Villamil,51.0,4.96,232,-0.9555,-90.96405
873929337742804158,Oceanview Suite : Casa Nido,Appartement ⋅ Puerto Ayora,91.0,4.83,151,-0.742,-90.3128
1121985528854858595,Lara's House Chambre,Chambre · Puerto Ayora,17.0,4.86,7,-0.7431,-90.3146
1331227577116038315,Île de Galarous,Appartement ⋅ Puerto Ayora,24.0,4.76,29,-0.7390094033459185,-90.31140188916417
904318770148033380,Darwin Hostal aux Galápagos,Hôtel ⋅ Puerto Ayora,19.0,4.62,29,-0.7465,-90.3141
1348719618449586940,Charmant studio avec terrasse via Tortuga Bay,Appartement ⋅ Puerto Ayora,66.0,4.84,43,-0.7449692027505884,-90.31594869834785
1134853695147800203,CasAle 1 lit double et salle de bain privée,Chambre · Puerto Villamil,19.0,4.39,18,-0.9542,-90.9691
907460802311247726,Maison El Galapagueño,Hébergement ⋅ Puerto Ayora,46.0,4.87,116,-0.7444,-90.3169
976873176150362458,Appartement confortable au rez-de-chaussée,Appartement ⋅ Puerto Villamil,47.0,4.75,24,-0.9542,-90.9634
957824320206402984,Suite Tortoise,Chambre · Puerto Ayora,41.0,4.94,48,-0.7421,-90.3167
1273436908853923221,Belle suite Valence centrale,Appartement ⋅ Puerto Ayora,58.0,4.81,48,-0.7444,-90.3145
1142875825547853351,Don Bolo - Oiseau sorcier,Chambre · Puerto Ayora,30.0,4.92,12,-0.74276,-90.31201
708739455643988075,Suite#5 avec accès à la terrasse donnant sur la baie.,Appartement ⋅ Puerto Ayora,46.0,4.8,83,-0.74198,-90.31543
1066317357592970059,Lekeshei,Hébergement ⋅ Puerto Ayora,40.0,4.68,95,-0.74122,-90.31215
24456112,Chambre privée sur l'île Isabela !,Hébergement · Puerto Villamil,17.0,4.69,124,-0.95336,-90.96623
25460750,Hostal Tintorera. Suite #5 Galapagos - Santa Cruz,Hébergement · Puerto Ayora,22.0,4.55,22,-0.7404,-90.3153
1198106275407563938,Arena Suites II / Port Ayora,Appartement ⋅ Puerto Ayora,45.0,4.69,39,-0.7371,-90.3107
33427531,"Hostal Jeniffer, île Isabela - Galápagos. Chambre #5",Chambre d'hôtel ⋅ Puerto Villamil,49.0,4.93,127,-0.95604,-90.96325
851614323908276437,Casa Tuna,Appartement ⋅ Puerto Ayora,138.0,4.94,124,-0.73454,-90.31409
1257488095054064372,Cabane entourée de tortues géantes,Cabane ⋅ île Santa Cruz,117.0,5.0,4,-0.664,-90.4213
1479449559458578502,"Chambre triple privée – Santa Cruz, Galápagos",Hôtel ⋅ Puerto Ayora,19.0,0.0,0,-0.7403,-90.3156
1401603425547898551,Suite#8 /Couple économique,Chambre · Puerto Ayora,38.0,4.71,14,-0.743,-90.3143
884820636907102723,Chambre simple à Sumak Kawsay,Chambre · Puerto Ayora,12.0,4.78,9,-0.69303,-90.34203
1130119246104703012,Appartement spacieux sur la route de Tortuga Bay - P. Ayora,Appartement en résidence ⋅ Puerto Ayora,87.0,4.93,69,-0.746,-90.3167
1016014292447119342,"Arena Suites
Au cœur de Puerto Ayora",Appartement ⋅ Puerto Ayora,72.0,4.97,58,-0.7372,-90.3106
25460696,"HostalTintorera. Suite #6 – Santa Cruz, Galapagos",Chambre · Puerto Ayora,26.0,4.6,5,-0.7404,-90.3153
550763555934681884,Chambre simple économique,Hébergement · Puerto Ayora,22.0,4.67,27,-0.7458,-90.31523
1044140628953778577,Lekeshei 1,Appartement ⋅ Puerto Ayora,38.0,4.88,49,-0.7423,-90.3126
29648703,Suites et aventure de Nelyza,Auberge de jeunesse ⋅ Puerto Ayora,27.0,4.93,40,-0.7361,-90.3165
1036246985702053428,Chambre #1 (lit king),Hôtel ⋅ Puerto Villamil,26.0,4.83,30,-0.9569,-90.9644
1127704963951910463,Belle chambre à Puerto Ayora,Chambre · Puerto Ayora,32.0,5.0,8,-0.7395,-90.31461
785412841203665095,Suite accueillante privée,Loft ⋅ Puerto Villamil,48.0,4.86,28,-0.95438,-90.96304
1493130538851363888,Hébergement de vacances aux Galápagos,Appartement ⋅ Puerto Ayora,27.0,0.0,0,-0.7371,-90.3144
1380012983388918639,"Hostal Jeniffer, île Isabela - Galápagos.Caracol",Auberge de jeunesse ⋅ Puerto Villamil,53.0,5.0,8,-0.9566,-90.9644
1463296835561710557,Suite Galarous confortable,Appartement ⋅ Puerto Ayora,23.0,0.0,0,-0.738924320461001,-90.31092078151408
24500717,Auberge Tero Real,Auberge de jeunesse ⋅ Puerto Villamil,41.0,4.79,111,-0.95592,-90.9653
1106479182083734404,Suite avec vue sur l'océan - meilleur emplacement,Chambre · Puerto Ayora,90.0,4.91,33,-0.7457594206632163,-90.31191402144657
1387249309172294921,Belles chambres centrales 3,Chambre · Puerto Ayora,27.0,4.92,12,-0.7456,-90.316
45674118,Hostal Villamil Hab.#4 (80 mètres de la plage),Auberge de jeunesse ⋅ Puerto Villamil,19.0,4.54,13,-0.95677,-90.96774
8596782,Casa Soleil - Appartement Adorable,Appartement ⋅ Puerto Villamil,60.0,4.9,77,-0.95526,-90.96273
1513418276010826076,"Chambre partagée, Hostal Tintorera, Galapagos-Santa Cruz",Chambre d'hôtel partagée ⋅ Puerto Ayora,12.0,0.0,0,-0.7404,-90.3152
584307466798650666,Chambre économique à Puerto Ayora 3,Hôtel ⋅ Puerto Ayora,28.0,4.5,22,-0.7431,-90.3176
976872793022942100,Suite de 1 chambre,Loft ⋅ Puerto Villamil,56.0,4.78,27,-0.95465,-90.96419
1329136494249817382,Suite Galarous Island,Appartement ⋅ Puerto Ayora,26.0,4.6,5,-0.7382,-90.3102
926046221628213197,Belle suite avec vue sur l'océan. 1 ou 2 personnes.,Appartement ⋅ Puerto Ayora,129.0,4.91,64,-0.7425,-90.3095
1165204801394276572,Mini Suite face à la mer by Hotel Sierra Negra,Appartement ⋅ Puerto Villamil,92.0,4.39,18,-0.9573,-90.9677
1308750002740729086,Appartement privé Rue principale Av. Antonio Gil,Tiny house ⋅ Puerto Villamil,66.0,4.79,33,-0.957,-90.9675
615260926227665505,Chambre individuelle dans la zone de plage + petit déjeuner,Chambre d'hôtes ⋅ Puerto Villamil,43.0,0.0,0,-0.95816,-90.96579
1200897097712733270,Appartement à quelques pas de la mer - central,Appartement ⋅ Galápagos Islands,135.0,4.94,33,-0.74168,-90.31289
979736039589230471,JENY OASIS chambre privée à l'intérieur de la maison,Maison d'hôtes ⋅ Puerto Villamil,26.0,4.87,39,-0.9553,-90.9602
1442947797855540238,Maison de vacances,Appartement ⋅ Puerto Ayora,18.0,0.0,0,-0.7359581666958525,-90.31653908200572
16376711,"Hostal Jeniffer, île Isabela - Galápagos. Chambre #4",Hôtel ⋅ Puerto Villamil,47.0,4.89,183,-0.95626,-90.96403
1217553459474215933,Valence Suites Apa 2,Appartement ⋅ Puerto Ayora,52.0,4.79,47,-0.743,-90.3167
1491608166861319795,Appartement Mimosa neuf et idéalement situé,Appartement ⋅ Puerto Ayora,83.0,0.0,0,-0.7422121469056753,-90.31008676191524
24595097,Maison-Blanche G.,Auberge de jeunesse ⋅ Galápagos Islands,40.0,4.75,24,-0.74259,-90.31469
25975531,MANCHOT DES GALAPAGOS,Chambre d'hôtes ⋅ Puerto Ayora,21.0,4.71,84,-0.74024,-90.31443
1414607795642316767,Chambre dans un lieu privilégié,Chambre · Puerto Ayora,31.0,0.0,0,-0.7467,-90.316
1247458980248822338,La maison de Canna,Appartement ⋅ Puerto Ayora,83.0,4.59,34,-0.74363,-90.31206
546268034997342499,Chambre double avec vue - Galapagos,Hôtel ⋅ Puerto Ayora,35.0,4.26,19,-0.74242,-90.31678
633295626838565374,"Appartement privé à Galapagos, Santa Cruz",Chambre · Puerto Ayora,21.0,5.0,15,-0.7373,-90.3142
988421332723724192,Chambre spacieuse à côté de la jetée,Chambre · Puerto Ayora,80.0,4.8,55,-0.74707,-90.31203
1279258179861934899,"Chambre aux Galápagos, Darwin Hostal",Hôtel ⋅ Puerto Ayora,19.0,4.7,10,-0.746,-90.3142
1526958846748989103,Chambre indépendante à 100 mètres de la plage,Suite ⋅ Puerto Villamil,16.0,0.0,0,-0.9563031323000452,-90.96261317472552
1021007016166536702,Cabane privée à Sumak Kawsay,Cabane ⋅ Puerto Ayora,27.0,4.67,3,-0.69359,-90.34363
1361640761946395028,Suite « Coucher de soleil » avec vue sur la mer,Chambres · Puerto Villamil,99.0,0.0,0,-0.9563,-90.9696
1217528995291449971,Valencia Suites,Appartement ⋅ Puerto Ayora,51.0,4.79,28,-0.7431,-90.3167
1028426397081361156,Vue intérieure du Beagle,Appartement ⋅ Puerto Ayora,39.0,4.91,45,-0.7344,-90.3232
1884289,Ma plage Galapagos Beachfront - Blue House,Appartement ⋅ Puerto Villamil,369.0,4.93,59,-0.9568,-90.9686
1509717249765711811,"Appartement central intelligent, Puerto Ayora",Appartement ⋅ Puerto Ayora,132.0,0.0,0,-0.7429,-90.3166
52635015,Yellow Heron House - Maison confortable en bord de mer,Hébergement ⋅ Puerto Villamil,500.0,4.97,31,-0.95644,-90.96778
1156575568942001728,Chambre triple avec balcon,Hébergement · Puerto Ayora,44.0,5.0,6,-0.7421,-90.316
503021615558751226,Suite Galarous Island,Appartement ⋅ Puerto Ayora,25.0,4.33,9,-0.73828,-90.3107
1014500635728525607,Coucher de soleil aux Galapagos,Cabane ⋅ île Santa Cruz,148.0,0.0,0,-0.66572,-90.41959
1469564428361463488,Refuge de Daye,Casa particular ⋅ Puerto Ayora,33.0,5.0,3,-0.7393,-90.3154
1518242106558580727,Le Tortoise Dome Lodge,Dôme ⋅ île Santa Cruz,158.0,0.0,0,-0.7111356338386916,-90.35198392317803
2710113,Suites et aventure de Nelyza,Auberge de jeunesse ⋅ île Santa Cruz,26.0,4.79,90,-0.7361,-90.3165
1233748067148972772,Lara's House - Chambre,Hébergement ⋅ Puerto Ayora,31.0,5.0,3,-0.74285,-90.31547
1249601707924644879,Chambre simple/double Beagle,Chambre · Puerto Ayora,34.0,5.0,17,-0.7353957505590368,-90.324053104574
8596782,Casa Soleil - Appartement Adorable,Appartement ⋅ Puerto Villamil,60.0,4.9,77,-0.95526,-90.96273
1126085821286855314,Suite Équilibre,Chambre · Puerto Villamil,82.0,5.0,9,-0.95484,-90.96516
1340291857271914522,Casa de Cristhian C,Chambres · Puerto Villamil,23.0,4.57,7,-0.9535,-90.9655
1136551303111054959,"Suite J.A
Chambre king/ 2 personnes",Hébergement · île Santa Cruz,30.0,4.79,24,-0.7401,-90.3161
54392282,Chambre double/simple,Auberge de jeunesse ⋅ Puerto Ayora,27.0,4.56,16,-0.74703,-90.31536
1320040972115882479,chambre simple dans le centre de puerto ayora,Hôtel ⋅ Puerto Ayora,21.0,0.0,0,-0.74403,-90.31428
1393596439756477002,Tortuga Haven : au cœur de la forêt enchantée,Tiny house ⋅ Santa Cruz,111.0,0.0,0,-0.6803,-90.3711
1095611057038694013,Hôtel Albemarle Galapagos en bord de mer à Isabela !,Hôtel ⋅ Puerto Villamil,189.0,0.0,0,-0.9577,-90.966
1089826376475398000,Charmant appartement familial bonne lumière.,Appartement ⋅ Puerto Ayora,39.0,4.91,22,-0.7339,-90.3128
26720295,Maison Edén Galápagos,Chambres · Puerto Ayora,29.0,4.64,83,-0.7388,-90.31
33007576,Hostal Estrella de Mar (Chambre familiale avec vue sur l'océan),Auberge de jeunesse ⋅ Équateur,59.0,4.8,10,-0.7456,-90.3109
785412841203665095,Suite accueillante privée,Loft ⋅ Puerto Villamil,48.0,4.86,28,-0.95438,-90.96304
14120989,Hostal Costa del Pacifico  - Chambre double,Hôtel ⋅ île Santa Cruz,41.0,4.52,56,-0.74526,-90.31167
1047203057076318587,La maison d'Anita,Hébergement ⋅ Puerto Ayora,48.0,4.79,39,-0.74073,-90.31083
1283994607434488221,Maison de vacances,Appartement ⋅ Puerto Ayora,35.0,4.88,25,-0.7362617120115397,-90.31513802252151
904265317180855015,"Galápagos, Auberge Darwin",Hôtel ⋅ Puerto Ayora,39.0,0.0,0,-0.7465,-90.3142
1141580849646969204,CasAle Apartament 1 lit 2 places cuisine et mini-salon,Appartement ⋅ Puerto Villamil,46.0,4.17,6,-0.9541,-90.9691
1163742893717325121,sous-marin,Hébergement ⋅ Puerto Ayora,25.0,5.0,7,-0.734,-90.3216
1156575568942001728,Chambre triple avec balcon,Hébergement · Puerto Ayora,44.0,5.0,6,-0.7421,-90.316
14236957,Maison de Jean - Maison d'hôtes paisible et confortable Galapagos,Chambres · Puerto Ayora,61.0,4.85,20,-0.75208,-90.31183
1308750002740729086,Appartement privé Rue principale Av. Antonio Gil,Tiny house ⋅ Puerto Villamil,66.0,4.79,33,-0.957,-90.9675
1355967238305793166,"hostal Puerto Ayora,  Chambre # 2",Chambre · Puerto Ayora,21.0,0.0,0,-0.7443369064119986,-90.31587136748915
1340834831948613794,Galapagos à côté de la nature,Chambres · île Santa Cruz,21.0,0.0,0,-0.6400834472296655,-90.42971613745728
35681596,CHAMBRE MATRIMONIALE AVEC VUE SUR LE LAGON + PETIT-DÉJEUNER LAGUNA HOTEL,Hôtel ⋅ Puerto Villamil,111.0,4.74,38,-0.9561,-90.9673
1217528995291449971,Valencia Suites,Appartement ⋅ Puerto Ayora,51.0,4.79,28,-0.7431,-90.3167
985579201730127863,Appartement central,Appartement ⋅ Puerto Ayora,46.0,4.71,38,-0.74236,-90.313
1361640761946395028,Suite « Coucher de soleil » avec vue sur la mer,Chambres · Puerto Villamil,99.0,0.0,0,-0.9563,-90.9696
1174156305358115608,Charmante suite de vacances,Appartement ⋅ Puerto Ayora,50.0,4.44,34,-0.74175,-90.31532
33368614,"Hostal Jeniffer, île Isabela - Galápagos. Chambre #6",Chambre d'hôtel ⋅ Puerto Villamil,51.0,4.94,89,-0.95686,-90.96507
1044140628953778577,Lekeshei 1,Appartement ⋅ Puerto Ayora,38.0,4.88,49,-0.7423,-90.3126
1165204801394276572,Mini Suite face à la mer by Hotel Sierra Negra,Appartement ⋅ Puerto Villamil,92.0,4.39,18,-0.9573,-90.9677
748530445357871478,Suite centre port ayora,Appartement ⋅ Puerto Ayora,36.0,4.68,25,-0.74459,-90.31384
923454061957654499,Wolf | Un refuge familial confortable avec tout le confort,Appartement ⋅ Puerto Ayora,87.0,4.89,53,-0.7367,-90.3161
23507766,Gîte enchanté,Boutique-hôtel ⋅ El Garrapatero Beach,155.0,4.64,11,-0.6708,-90.2783
1218207923356410780,Chambres avec vue sur la mer,Chambre d'hôtes ⋅ Puerto Villamil,189.0,0.0,0,-0.957,-90.9688
42345645,Appartements exclusifs avec vue sur l'océan dans un emplacement de choix,Chambre · Puerto Ayora,84.0,4.91,44,-0.74615,-90.31348
52416983,Mi Playa Galapagos en bord de mer - Maison orange,Hébergement ⋅ Puerto Villamil,369.0,4.77,13,-0.9571,-90.9686
926046221628213197,Belle suite avec vue sur l'océan. 1 ou 2 personnes.,Appartement ⋅ Puerto Ayora,129.0,4.91,64,-0.7425,-90.3095
1028426397081361156,Vue intérieure du Beagle,Appartement ⋅ Puerto Ayora,39.0,4.91,45,-0.7344,-90.3232
1264748591294426225,"Suite Double#9 avec accès terrasse, vue sur la baie.",Appartement ⋅ Puerto Ayora,49.0,4.17,6,-0.7437637689567654,-90.31563772218266
776773960298621211,Studio Island Life aux Galapagos,Appartement ⋅ Puerto Ayora,125.0,4.96,23,-0.7427,-90.3152
1266666680045953066,Appartement de vacances,Chambre · Puerto Ayora,26.0,0.0,0,-0.7409775807646868,-90.31516848097391
835316591705124531,Appartement#6 Galápagos Terrasse et vue,Appartement ⋅ Puerto Ayora,62.0,4.71,48,-0.7432,-90.3146
1217553459474215933,Valence Suites Apa 2,Appartement ⋅ Puerto Ayora,52.0,4.79,47,-0.743,-90.3167
1271746621340031164,Appartement Seymour | Évasion spacieuse et élégante,Appartement ⋅ Puerto Ayora,83.0,4.76,33,-0.7367,-90.3161
874596619455783728,Natura Gardens Galápagos Hotel,Hôtel ⋅ Puerto Ayora,51.0,4.17,12,-0.6867,-90.3144
1036306503782367619,Chambre#2(Lit complet + 1 twin),Hôtel ⋅ Puerto Villamil,26.0,0.0,0,-0.957,-90.9643
48831744,Casa Soleil - Appartement confortable,Appartement ⋅ Puerto Villamil,60.0,4.86,36,-0.95508,-90.96263
1182106797610869439,Hostal Los Cactus - double,Hôtel ⋅ Puerto Villamil,46.0,4.71,17,-0.95726,-90.96876
976872793022942100,Suite de 1 chambre,Loft ⋅ Puerto Villamil,56.0,4.78,27,-0.95465,-90.96419
1532856893158778860,Salle de corail,Hébergement · Puerto Villamil,56.0,0.0,0,-0.9593,-90.9588
1319976398038584544,Chambre simple dans le centre de Puerto Ayora,Hôtel ⋅ Puerto Ayora,31.0,4.75,4,-0.7451,-90.3147
25494100,Hostal Tintorera. Suite #7 Galapagos - Santa Cruz,Chambre · Puerto Ayora,22.0,4.75,8,-0.74131,-90.31604
1491608166861319795,Appartement Mimosa neuf et idéalement situé,Appartement ⋅ Puerto Ayora,83.0,0.0,0,-0.7422121469056753,-90.31008676191524
1247458980248822338,La maison de Canna,Appartement ⋅ Puerto Ayora,83.0,4.59,34,-0.74363,-90.31206
1742828,Suites et aventure de Nelyza,Chambre d'hôtel ⋅ Puerto Ayora,26.0,4.75,85,-0.736072,-90.316521
8583409,Maison de campagne et ferme écologique,Hébergement · île Santa Cruz,26.0,4.43,21,-0.67404,-90.27411
929121184490092570,Appartement#4 Confortable familial Galápagos,Appartement ⋅ Puerto Ayora,103.0,4.81,64,-0.743,-90.3146
1147287168997289113,Hostal Patty's House Galápagos joie,Hébergement · Puerto Ayora,51.0,5.0,4,-0.74193,-90.31881
33015267,Hostal Estrella de Mar (Chambre double).,Auberge de jeunesse ⋅ Équateur,35.0,0.0,0,-0.7457,-90.311
602202940971162829,Maison de campagne 2,Cottage ⋅ Parroquia Bella Vista,22.0,4.29,28,-0.69412,-90.32861
1200897097712733270,Appartement à quelques pas de la mer - central,Appartement ⋅ Galápagos Islands,135.0,4.94,33,-0.74168,-90.31289
1172096787511742367,"Chambre familiale, Living Root",Maison d'hôtes ⋅ Puerto Villamil,61.0,4.91,11,-0.955,-90.9623
20604971,Séjour paisible à quelques pas du centre de Puerto Ayora,Chambre · Galápagos,45.0,4.82,109,-0.7412,-90.3117
976897858535858147,Suite rez-de-chaussée,Loft ⋅ Puerto Villamil,47.0,4.5,4,-0.954,-90.9634
871892819785982076,Ph-terrasse privée donnant sur la baie.,Appartement ⋅ Puerto Ayora,79.0,4.65,46,-0.7432,-90.3144
51786002,Chambre double Hébergement Sumak Kawsay,Chambre · Puerto Ayora,31.0,4.64,11,-0.69489,-90.34161
1181389092732810756,Hostal Los Cactus - Simple,Auberge de jeunesse ⋅ Puerto Villamil,38.0,0.0,0,-0.95513,-90.96852
669378761941749344,Belle chambre double.,Boutique-hôtel ⋅ Puerto Ayora,40.0,4.53,19,-0.74535,-90.31378
54239093,"Casa Marina, le rêve de Darwin aux Galápagos.",Appartement ⋅ Puerto Ayora,127.0,4.72,93,-0.74213,-90.32024
841924364858348893,Diver 's Den,Chambres · Puerto Ayora,46.0,4.53,15,-0.74422,-90.31396
21852191,CHAMBRE QUADRUPLE HÔTEL SAN VICENTE ÉCONOMIQUE PLUS,Hébergement · Puerto Villamil,48.0,4.7,112,-0.95361,-90.96498
618788877602167422,Charmante chambre double supérieure,Boutique-hôtel ⋅ Puerto Villamil,77.0,4.8,5,-0.9571,-90.967
1248885537938412658,Appartement El Edén,Appartement ⋅ Puerto Ayora,62.0,4.83,12,-0.7395,-90.3123
32550674,CHAMBRE DOUBLE,Chambre · île Santa Cruz,41.0,0.0,0,-0.74665,-90.31159
16468697,"Hostal Jeniffer, île Isabela - Galápagos. Chambre #3",Chambre d'hôtel ⋅ Puerto Villamil,61.0,4.91,199,-0.95579,-90.96402
49195554,Chambre lumineuse et confortable avec vue sur le jardin,Chambre d'hôtes ⋅ Puerto Villamil,133.0,4.89,9,-0.95911,-90.96232
870391245590980779,Suite rez-de-chaussée,Appartement ⋅ Puerto Villamil,52.0,4.75,8,-0.95486,-90.96255
33426633,"Hostal Jeniffer, île Isabela - Galápagos. Chambre #7",Chambre d'hôtel ⋅ Puerto Villamil,61.0,4.88,81,-0.95543,-90.96536
52712361,Vallée de l'Aube 5 Galápagos,Chambre · île Santa Cruz,11.0,0.0,0,-0.68455,-90.2989
1067349362660361160,Chambre n° 2 double,Hôtel ⋅ Puerto Villamil,41.0,5.0,3,-0.95334,-90.96323
1884289,Ma plage Galapagos Beachfront - Blue House,Appartement ⋅ Puerto Villamil,369.0,4.93,59,-0.9568,-90.9686
14137708,Hostal Costa del Pacifico  - Chambre avec lits jumeaux,Hôtel ⋅ Puerto Ayora,41.0,4.55,22,-0.74647,-90.31248
858828840942501899,Cabane I El Edén,Gîte ⋅ île Santa Cruz,163.0,0.0,0,-0.6506,-90.425
52821243,Bright and cosy 2 chambres à coucher loin de chez soi,Appartement ⋅ Puerto Ayora,129.0,4.98,64,-0.74464,-90.31585
21254174,Galápagos Suite Familiale,Appartement en résidence ⋅ Puerto Ayora,85.0,4.75,48,-0.7416,-90.3124
1198546597245628250,Hébergement Costa del Sol,Maison d'hôtes ⋅ Puerto Ayora,47.0,4.67,3,-0.746,-90.3125
1066925318915985174,Le GalapaGueño,Villa ⋅ Puerto Ayora,51.0,4.9,10,-0.7443,-90.3169
1036306499021865925,Chambre 3 (lit Queen),Hôtel ⋅ Puerto Villamil,26.0,4.25,4,-0.957,-90.9643
704327039824426774,Vallée de l'Aube Santa Cruz Galápagos 1,Cottage ⋅ île Santa Cruz,14.0,0.0,0,-0.6711,-90.2761
36153500,Eden House Galapagos,Chambres · Puerto Ayora,29.0,4.43,23,-0.73753,-90.31085
53917317,La Sumaq House propose une nouvelle suite pour 4 personnes.,Chambre · Puerto Ayora,46.0,4.68,37,-0.73741,-90.31301
48788593,Casa Soleil - Appartement de deux chambres,Appartement ⋅ Puerto Villamil,95.0,4.86,42,-0.95312,-90.96298
1284908768108727727,Chambre double New Carliza,Hôtel ⋅ Puerto Ayora,36.0,4.08,12,-0.7433613647169642,-90.3155524459525
684774417180963411,Chambre double,Auberge de jeunesse ⋅ Puerto Ayora,41.0,4.29,17,-0.74505,-90.31518
53726656,"Hôtel Crossman - Puerto Ayora
Galápagos",Hôtel ⋅ Puerto Ayora,29.0,3.2,5,-0.74549,-90.31507
16390633,Hostal del Pacifico - Double Room,Boutique-hôtel ⋅ Puerto Ayora,41.0,4.57,70,-0.74606,-90.31416
1398591063024445936,Chambre simple Logement Sumak Kawsay,Chambre · Puerto Ayora,16.0,0.0,0,-0.6952257747076576,-90.34164503748262
1328960565276449007,Cabane II El Eden,Chambre partagée ⋅ île Santa Cruz,163.0,0.0,0,-0.58414,-90.35138
33214796,Hostal Estrella de Mar (Chambre double mixte),Auberge de jeunesse ⋅ Équateur,39.0,0.0,0,-0.7457,-90.311
22793916,Flip Flop House - Maison confortable au cœur de la ville,Hébergement ⋅ Puerto Villamil,208.0,4.94,128,-0.9528,-90.9647
22584636,Hôtel Galapagos Pearl,Chambre d'hôtes ⋅ Puerto Ayora,125.0,4.55,31,-0.74178,-90.31177
41582887,"Suite familiale Tintorera – Galápagos, Santa Cruz",Appartement ⋅ Puerto Ayora,52.0,4.6,5,-0.74023,-90.31417
868131590178941021,Hostal España - Chambre double,Hôtel ⋅ Puerto Ayora,70.0,4.33,3,-0.7462,-90.3136
1035054604910294270,Maison musée avec tunnel de lave,Grotte ⋅ île Santa Cruz,45.0,0.0,0,-0.69429,-90.32274
1329210656515399930,La maison de Canna,Appartement ⋅ Puerto Ayora,83.0,4.6,10,-0.74456,-90.31328
917375884839868131,Suite de deux chambres,Loft ⋅ Puerto Villamil,77.0,4.9,10,-0.9541,-90.9634
52635015,Yellow Heron House - Maison confortable en bord de mer,Hébergement ⋅ Puerto Villamil,500.0,4.97,31,-0.95644,-90.96778
740517922694699558,Maison de la mer,Hébergement ⋅ Puerto Ayora,1.0,0.0,0,-0.743,-90.3047
3905199,GECKO GUEST HOUSE,Appartement ⋅ île Santa Cruz,56.0,4.78,202,-0.74225,-90.32093
1028968566410691266,"Hostal Insular, Chambre # 3",Hôtel ⋅ Puerto Villamil,45.0,4.8,5,-0.9557,-90.9645
778727967400530572,"Vallée de l'Aube 4 Galápagos 
Santa Cruz",Chambres · île Santa Cruz,11.0,0.0,0,-0.67081,-90.27458
1341186376405128761,Vallée de l'Aube,Cottage ⋅ île Santa Cruz,50.0,0.0,0,-0.6708410960945944,-90.27445080083778
40311770,GALAPAGOS SHANGRI-LA 2 MAISONS LÉGALES ET PROCHE DE LA PLAGE,Hébergement ⋅ Puerto Ayora,610.0,4.83,12,-0.75128,-90.31094
5116717,COSTA DEL SOL Galápagos,Hébergement ⋅ Puerto Ayora,60.0,4.52,54,-0.74658,-90.31371
1124640429233176086,Maison d'hôtes,Maison d'hôtes ⋅ Puerto Ayora,36.0,0.0,0,-0.7464,-90.3143
3594968,CASA DEL LAGO GÎTE - VUE SUR LE LAC SUITE,Chambre · Puerto Ayora,73.0,0.0,0,-0.5328,-90.3501
1288638349967431484,Appartements Tortoise Crossing,Chambre · île Santa Cruz,32.0,0.0,0,-0.6390712363392458,-90.33677494186642
41582887,"Suite familiale Tintorera – Galápagos, Santa Cruz",Appartement ⋅ Puerto Ayora,52.0,4.6,5,-0.74023,-90.31417
1170411212637989887,Maison de pingouin,Maison d'hôtes ⋅ Puerto Villamil,122.0,4.75,8,-0.95668,-90.96829
52934462,Chambre à quelques mètres de la plage,Chambre d'hôtes ⋅ Puerto Villamil,74.0,0.0,0,-0.9566,-90.9685
1036306499021865925,Chambre 3 (lit Queen),Hôtel ⋅ Puerto Villamil,26.0,4.25,4,-0.957,-90.9643
1329210656515399930,La maison de Canna,Appartement ⋅ Puerto Ayora,83.0,4.6,10,-0.74456,-90.31328
684774417180963411,Chambre double,Auberge de jeunesse ⋅ Puerto Ayora,41.0,4.29,17,-0.74505,-90.31518
33214796,Hostal Estrella de Mar (Chambre double mixte),Auberge de jeunesse ⋅ Équateur,39.0,0.0,0,-0.7457,-90.311
1248885537938412658,Appartement El Edén,Appartement ⋅ Puerto Ayora,62.0,4.83,12,-0.7395,-90.3123
31544420,Casa Eden Galapagos (chambre privée 1pax),Chambres · Puerto Ayora,36.0,4.65,17,-0.73992,-90.30885
22584636,Hôtel Galapagos Pearl,Chambre d'hôtes ⋅ Puerto Ayora,125.0,4.55,31,-0.74178,-90.31177
36153500,Eden House Galapagos,Chambres · Puerto Ayora,29.0,4.43,23,-0.73753,-90.31085
1462992214025076634,Appartement proche de la plage,Appartement ⋅ Puerto Villamil,47.0,0.0,0,-0.9565,-90.9684
684083153484172202,Linda Chambre Triple à Galapagos,Hôtel ⋅ Puerto Ayora,78.0,4.71,7,-0.74352,-90.3187
1075511399586500238,Chambre # 3 Double,Hôtel ⋅ Puerto Villamil,41.0,4.6,10,-0.9534,-90.9629
881880207224895465,Hôtel Natura Gardens Galápagos,Hôtel ⋅ Puerto Ayora,97.0,0.0,0,-0.74422,-90.31481
53917317,La Sumaq House propose une nouvelle suite pour 4 personnes.,Chambre · Puerto Ayora,46.0,4.68,37,-0.73741,-90.31301
53828840,GALAPAGOS DOVE #5,Chambre · Puerto Ayora,29.0,4.63,27,-0.73689,-90.31357
679177829871998559,Idéal Chambres triples,Hôtel ⋅ Puerto Ayora,51.0,0.0,0,-0.699,-90.4491
1266666680045953066,Appartement de vacances,Chambre · Puerto Ayora,26.0,0.0,0,-0.7409775807646868,-90.31516848097391
53914305,"Nouvel appartement aux Galapagos, île de Santa Cruz",Logement de vacances ⋅ Puerto Ayora,87.0,4.74,88,-0.73759,-90.31265
1066925318915985174,Le GalapaGueño,Villa ⋅ Puerto Ayora,51.0,4.9,10,-0.7443,-90.3169
1341186376405128761,Vallée de l'Aube,Cottage ⋅ île Santa Cruz,50.0,0.0,0,-0.6708410960945944,-90.27445080083778
16390633,Hostal del Pacifico - Double Room,Boutique-hôtel ⋅ Puerto Ayora,41.0,4.57,70,-0.74606,-90.31416
1490616583087517894,Suite Galarous Island,Appartement ⋅ Puerto Ayora,30.0,0.0,0,-0.7388201084152829,-90.3101174595604
1521149987051896030,Chambre double,Hôtel ⋅ Puerto Ayora,37.0,0.0,0,-0.74401,-90.31631
23507766,Gîte enchanté,Boutique-hôtel ⋅ El Garrapatero Beach,155.0,4.64,11,-0.6708,-90.2783
1489868154136139573,Isla sol Boutique,Chambre · Puerto Villamil,46.0,0.0,0,-0.9566,-90.9673
1061792777909008468,Charmant appartement familial quintuple.,Appartement ⋅ Puerto Ayora,46.0,4.77,31,-0.73296,-90.31354
1493636298127935635,"Villa premium avec chambre, piscine et vue",Chambre · Puerto Villamil,72.0,0.0,0,-0.9539208668738791,-90.97105441847303
1181389092732810756,Hostal Los Cactus - Simple,Auberge de jeunesse ⋅ Puerto Villamil,38.0,0.0,0,-0.95513,-90.96852
1329147974222765586,Île de Galarous,Appartement ⋅ Puerto Ayora,28.0,0.0,0,-0.7379,-90.3105
53969412,Chambre double,Boutique-hôtel ⋅ Puerto Villamil,39.0,0.0,0,-0.95525,-90.9641
1395722394863640810,Chambre double Logement Sumak Kawsay,Chambre · île Santa Cruz,25.0,0.0,0,-0.69366,-90.34362
53726656,"Hôtel Crossman - Puerto Ayora
Galápagos",Hôtel ⋅ Puerto Ayora,29.0,3.2,5,-0.74549,-90.31507
837477634478868717,Vallée de l'Aube 6 Galápagos,Gîte à la ferme ⋅ île Santa Cruz,14.0,0.0,0,-0.67163,-90.27421
5116717,COSTA DEL SOL Galápagos,Hébergement ⋅ Puerto Ayora,60.0,4.52,54,-0.74658,-90.31371
868131590178941021,Hostal España - Chambre double,Hôtel ⋅ Puerto Ayora,70.0,4.33,3,-0.7462,-90.3136
1067349362660361160,Chambre n° 2 double,Hôtel ⋅ Puerto Villamil,41.0,5.0,3,-0.95334,-90.96323
1133642444311186043,"Casa bonita, près de la mer",Hébergement ⋅ Puerto Ayora,32.0,0.0,0,-0.73592,-90.31316
1528559074102085737,Duplex avec jardin privé idéal pour les familles ou les groupes,Hébergement ⋅ Puerto Ayora,301.0,0.0,0,-0.7428,-90.3147
1124640429233176086,Maison d'hôtes,Maison d'hôtes ⋅ Puerto Ayora,36.0,0.0,0,-0.7464,-90.3143
53809781,Chambre confortable. HÔTEL CROSSMAN.,Hôtel ⋅ Puerto Ayora,38.0,0.0,0,-0.74592,-90.31675
1329198905009695167,La maison de Canna,Appartement ⋅ Puerto Ayora,83.0,4.67,6,-0.74397,-90.31323
933594795576625478,Hostal Villamil Hab.#7,Hôtel ⋅ Puerto Villamil,23.0,0.0,0,-0.956,-90.9669
1392057767833139153,"Vivez comme à la maison à gala house, tout l'endroit",Hébergement ⋅ Puerto Ayora,224.0,0.0,0,-0.7364,-90.3102
591326431679118357,Belle chambre double à Santa Cruz,Hôtel ⋅ Puerto Ayora,57.0,4.57,7,-0.7424,-90.31687
618144343679909897,"Chambre double dans le centre, à 3 min de la plage",Chambre · Puerto Villamil,43.0,4.75,28,-0.9552,-90.9663
49858898,Chambre double standard avec vue sur le jardin,Hôtel ⋅ Puerto Villamil,85.0,0.0,0,-0.95394,-90.96449
1137833212694624599,Une chambre colorée,Chambre · Puerto Ayora,61.0,0.0,0,-0.7428,-90.31202
1229103102620019257,Appartement accueillant,Appartement ⋅ île Santa Cruz,40.0,0.0,0,-0.6683,-90.3651
33216836,Hostal Estrella de Mar (Triple Room Sea View).,Auberge de jeunesse ⋅ Équateur,55.0,4.75,4,-0.7456,-90.3108
1142322465800065798,Moderno apartamento,Appartement ⋅ Puerto Ayora,92.0,4.8,35,-0.73871,-90.31266
1028968566410691266,"Hostal Insular, Chambre # 3",Hôtel ⋅ Puerto Villamil,45.0,4.8,5,-0.9557,-90.9645
19318882,Logements aux Galapagos,Hôtel ⋅ Puerto Ayora,72.0,4.33,3,-0.6838,-90.312
1075730625674888486,Chambre # 6 Triple,Hôtel ⋅ Puerto Villamil,60.0,0.0,0,-0.9534,-90.9629
20360610,Écolodge Lonesome George,Chambre · Puerto Ayora,56.0,4.56,25,-0.7416,-90.31343
19878389,Excellent endroit pour découvrir les Galapagos,Chambre · Puerto Ayora,26.0,4.69,36,-0.69424,-90.32407
1489877936168446005,Isla sol Boutique,Chambre d'hôtel partagée ⋅ Puerto Villamil,51.0,0.0,0,-0.95647,-90.96709
53916793,"Sumaq House, une nouvelle suite avec vue sur l'océan.",Chambre · Puerto Ayora,46.0,4.53,36,-0.73827,-90.31335
45339327,Suite Galarous Island,Appartement ⋅ Puerto Ayora,36.0,0.0,0,-0.7381,-90.3103
684072113096259436,Belle chambre double sup. à Santa Cruz,Hôtel ⋅ Puerto Ayora,57.0,4.67,3,-0.74215,-90.31822
35639270,Chambre privée Galapagos #2| KingBed & SingleBed,Loft ⋅ Équateur,29.0,4.54,28,-0.7434,-90.3172
1521827089086230881,Suite Rosedelco,Appartement ⋅ Puerto Villamil,122.0,0.0,0,-0.9575,-90.9638
703043232054269020,Maison aux Galápagos,Hébergement ⋅ Puerto Ayora,81.0,4.83,6,-0.7113,-90.322
1075514005020451578,Chambre # 4 Double,Hôtel ⋅ Puerto Villamil,41.0,4.11,9,-0.9536,-90.9628
1388012830698461314,Belle chambre centrale 6,Chambre · Puerto Ayora,27.0,0.0,0,-0.7456,-90.316
1514868413979520792,"Arena Negra, Chambre Double 6  Lune de Miel",Hôtel ⋅ Puerto Ayora,41.0,0.0,0,-0.7396,-90.3146
1492371068709772910,Solitaire 2,Chambre · Puerto Ayora,50.0,0.0,0,-0.73674,-90.31113
49738901,Chambre Twin Supérieure Hôtel La Laguna + petit-déjeuner,Hôtel ⋅ Puerto Villamil,85.0,0.0,0,-0.95653,-90.96808
1165400951680805164,Hôtel Galapagos Santa Cruz,Hôtel ⋅ Puerto Ayora,60.0,0.0,0,-0.74472,-90.31367
1508440344448717196,cosy auberge,Chambre d'hôtes ⋅ Puerto Ayora,45.0,0.0,0,-0.7464,-90.3142
1285800505110549592,Casa de los Búhos : Suite spacieuse et confortable,Appartement ⋅ Parroquia Bella Vista,102.0,0.0,0,-0.6913290892506888,-90.32088144844589
1497440324754097863,"Isabela House 
Hab. Fenicottero",Chambre · Puerto Villamil,61.0,0.0,0,-0.9565,-90.9675
1315616488530621775,Chambre double dans le centre de pto. ayora,Hôtel ⋅ Puerto Ayora,31.0,0.0,0,-0.7438,-90.315
1197902532410274047,Maison familiale « Genovesa »,Hébergement ⋅ Puerto Ayora,63.0,4.71,7,-0.7364,-90.3163
1325598800483440930,votre meilleure option dans les Galápagos,Hôtel ⋅ Puerto Ayora,32.0,0.0,0,-0.7457,-90.3131
1388578492188552815,Département Jardin,Chambre · île Santa Cruz,46.0,0.0,0,-0.5739,-90.418
678966798107399494,Belle chambre double face à la mer.,Hôtel ⋅ Puerto Ayora,36.0,4.63,19,-0.74247,-90.31569
1284908768108727727,Chambre double New Carliza,Hôtel ⋅ Puerto Ayora,36.0,4.08,12,-0.7433613647169642,-90.3155524459525
